2998_74478,2994_88778,2991_03079,2987_17379,2983_3168,2979_45981,2975_60281,2971_74582,2967_88882,2964_03183,2960_17484,2956_31784,2952_46085,2948_60385,2944_74686,2940_88986,2937_03287,2933_17588,2929_31888,2925_46189,2921_60489,2917_7479,2913_89091,2910_03391,2906_17692,2902_31992,2898_46293,2894_60594,2890_74894,2886_89195,2883_03495,2879_17796,2875_32096,2871_46397,2867_60698,2863_74998,2859_89299,2856_03599,2852_179,2848_32201,2844_46501,2840_60802,2836_75102,2832_89403,2829_03703,2825_18004,2821_32305,2817_46605,2813_60906,2809_75206,2805_89507,2802_03808,2798_18108,2794_32409,2790_46709,2786_6101,2782_7531,2778_89611,2775_03912,2771_18212,2767_32513,2763_46813,2759_61114,2755_75415,2751_89715,2748_04016,2744_18316,2740_32617,2736_46917,2732_61218,2728_75519,2724_89819,2721_0412,2717_1842,2713_32721,2709_47022,2705_61322,2701_75623,Class
0.03245,0.0388,0.0454,0.05216,0.05905,0.06604,0.07325,0.08102,0.08961,0.09908,0.10925,0.11987,0.13053,0.14065,0.14972,0.15743,0.16349,0.16775,0.17008,0.1704,0.16868,0.16498,0.15952,0.15267,0.14465,0.13583,0.12669,0.11764,0.10901,0.10108,0.094,0.08764,0.08154,0.07547,0.06942,0.06319,0.05668,0.05001,0.04331,0.03668,0.03025,0.0242,0.01872,0.01395,0.01001,0.00701,0.00485,0.00346,0.0027,0.0023,0.00202,0.00178,0.00156,0.00125,0.00087,0.00061,0.00053,0.00048,0.00044,0.00045,0.00053,0.00063,0.00085,0.00125,0.00171,0.00214,0.00256,0.00306,0.00359,0.00406,0.00438,0.00447,0.0044,0.00429,0.00425,0.00431,0.00441,0.00445,P
0.04402,0.05223,0.06018,0.0676,0.07432,0.08061,0.08727,0.09496,0.10399,0.1143,0.12552,0.13734,0.14931,0.16095,0.17177,0.18102,0.18796,0.19245,0.19442,0.1936,0.18981,0.18317,0.17386,0.16252,0.15023,0.13816,0.12707,0.11718,0.10857,0.10117,0.09465,0.08894,0.084,0.07928,0.07408,0.06805,0.06134,0.05429,0.04695,0.03958,0.03263,0.02607,0.01981,0.01449,0.01055,0.00784,0.00617,0.00546,0.00545,0.00569,0.00597,0.00653,0.00739,0.00844,0.00974,0.01127,0.01275,0.01393,0.01466,0.01499,0.01488,0.01426,0.01357,0.0132,0.01306,0.01306,0.01331,0.0139,0.01448,0.01487,0.0154,0.01612,0.01672,0.0171,0.01711,0.01662,0.01565,0.01459,P
0.02999,0.03445,0.03922,0.04419,0.04928,0.05433,0.05919,0.06386,0.06834,0.07271,0.07725,0.08241,0.08848,0.09548,0.10302,0.1105,0.11728,0.12269,0.12608,0.12704,0.12528,0.12096,0.1146,0.1069,0.09869,0.09076,0.08375,0.07808,0.07369,0.07042,0.06797,0.06581,0.06335,0.06031,0.05655,0.05206,0.04677,0.04083,0.03469,0.0287,0.02328,0.01879,0.01532,0.01276,0.01099,0.00979,0.00897,0.00836,0.00782,0.00712,0.00621,0.00526,0.00445,0.00374,0.00313,0.00268,0.00239,0.00221,0.00226,0.00254,0.00289,0.00309,0.00307,0.00294,0.00281,0.00276,0.00285,0.00304,0.00324,0.00346,0.00379,0.00429,0.00485,0.00529,0.00542,0.00518,0.00473,0.00424,P
0.03711,0.04376,0.05101,0.05846,0.06566,0.07242,0.07886,0.08534,0.09226,0.09986,0.10839,0.11784,0.12783,0.13776,0.14678,0.15418,0.15948,0.16218,0.16215,0.15968,0.15507,0.14836,0.13963,0.12959,0.11929,0.10959,0.10103,0.09386,0.0882,0.08365,0.07963,0.07581,0.0716,0.0666,0.06083,0.05464,0.04851,0.04272,0.03739,0.03247,0.02785,0.0238,0.02067,0.01847,0.01695,0.01588,0.01507,0.01432,0.01361,0.01292,0.01197,0.01053,0.00879,0.00732,0.00633,0.0058,0.00576,0.00622,0.00699,0.00788,0.00896,0.01021,0.01142,0.0124,0.01315,0.01382,0.01438,0.01473,0.01478,0.01429,0.01334,0.0124,0.01166,0.01127,0.01125,0.01127,0.01105,0.01043,P
0.03606,0.04459,0.05296,0.06115,0.06928,0.07732,0.08497,0.09194,0.09858,0.10559,0.11366,0.1233,0.13458,0.14704,0.15963,0.17087,0.17947,0.18462,0.18586,0.18269,0.17513,0.16407,0.15104,0.13743,0.12437,0.11303,0.10427,0.09801,0.09348,0.0898,0.08625,0.08226,0.07752,0.07203,0.06567,0.05836,0.05045,0.04252,0.03522,0.02922,0.02468,0.02138,0.01875,0.01663,0.01529,0.01465,0.01438,0.01419,0.01338,0.01189,0.01027,0.0091,0.00842,0.00771,0.00668,0.00564,0.00476,0.00451,0.00545,0.00747,0.01004,0.01233,0.01408,0.01553,0.01669,0.01735,0.01741,0.01676,0.01565,0.01461,0.01391,0.01347,0.01324,0.01319,0.01313,0.01282,0.01244,0.01195,P
0.03711,0.04376,0.05101,0.05846,0.06566,0.07242,0.07886,0.08534,0.09226,0.09986,0.10839,0.11784,0.12783,0.13776,0.14678,0.15418,0.15948,0.16218,0.16215,0.15968,0.15507,0.14836,0.13963,0.12959,0.11929,0.10959,0.10103,0.09386,0.0882,0.08365,0.07963,0.07581,0.0716,0.0666,0.06083,0.05464,0.04851,0.04272,0.03739,0.03247,0.02785,0.0238,0.02067,0.01847,0.01695,0.01588,0.01507,0.01432,0.01361,0.01292,0.01197,0.01053,0.00879,0.00732,0.00633,0.0058,0.00576,0.00622,0.00699,0.00788,0.00896,0.01021,0.01142,0.0124,0.01315,0.01382,0.01438,0.01473,0.01478,0.01429,0.01334,0.0124,0.01166,0.01127,0.01125,0.01127,0.01105,0.01043,P
0.04394,0.05048,0.05728,0.06439,0.0716,0.07856,0.08505,0.09105,0.09695,0.10323,0.1103,0.11872,0.12853,0.13906,0.14992,0.16075,0.17065,0.17812,0.18175,0.18088,0.17573,0.16695,0.15564,0.14329,0.13113,0.11982,0.10986,0.10186,0.09612,0.0924,0.08975,0.08714,0.08392,0.07965,0.07434,0.06813,0.06108,0.05348,0.04561,0.03776,0.03062,0.0246,0.0197,0.01573,0.01215,0.0088,0.00603,0.00391,0.00256,0.00212,0.00248,0.00324,0.00398,0.00477,0.00579,0.00687,0.00808,0.00939,0.01034,0.01065,0.01056,0.01012,0.00948,0.00885,0.00837,0.00796,0.0075,0.00726,0.00742,0.00802,0.00934,0.01113,0.01283,0.01396,0.01438,0.01392,0.0126,0.0106,P
0.04745,0.05234,0.05712,0.06179,0.06642,0.07098,0.07532,0.07925,0.08299,0.08693,0.09146,0.09685,0.10317,0.11013,0.11716,0.12342,0.12817,0.13097,0.13154,0.12962,0.12521,0.1188,0.11128,0.10341,0.09585,0.08924,0.08408,0.08032,0.07752,0.07519,0.07293,0.0704,0.06745,0.06405,0.06015,0.05571,0.05091,0.04609,0.04162,0.03786,0.03493,0.03267,0.03078,0.02918,0.028,0.02721,0.02662,0.02606,0.02515,0.02385,0.02247,0.02134,0.02046,0.01953,0.0184,0.01725,0.01619,0.01553,0.01561,0.01638,0.01756,0.01869,0.0196,0.02042,0.02115,0.02164,0.0218,0.02154,0.02099,0.02046,0.0201,0.01987,0.01975,0.01972,0.01967,0.01947,0.01923,0.0189,P
0.02918,0.03836,0.04772,0.05662,0.06529,0.0741,0.08258,0.09028,0.09747,0.10493,0.11356,0.12405,0.13696,0.1522,0.16823,0.1833,0.19598,0.20432,0.20642,0.20156,0.19033,0.17445,0.15614,0.13803,0.12198,0.10881,0.09884,0.09206,0.08776,0.08443,0.08095,0.07706,0.07221,0.06615,0.05928,0.05166,0.04291,0.03341,0.02483,0.01857,0.01467,0.01249,0.01169,0.01175,0.01208,0.01268,0.01353,0.01382,0.01291,0.01102,0.00908,0.00767,0.00669,0.00581,0.00459,0.00283,0.00147,0.00131,0.00254,0.00499,0.00813,0.01132,0.01389,0.01563,0.01655,0.01638,0.01487,0.01264,0.01053,0.00885,0.00794,0.00804,0.00847,0.00851,0.00801,0.00744,0.00713,0.00701,P
0.04156,0.04781,0.05461,0.0625,0.07115,0.07977,0.08775,0.09489,0.10108,0.10684,0.11364,0.12246,0.13346,0.14646,0.16076,0.17519,0.18814,0.19784,0.20261,0.2014,0.19425,0.18264,0.16828,0.15263,0.13729,0.12346,0.11154,0.10226,0.09623,0.09296,0.09101,0.08889,0.08582,0.08163,0.07577,0.06832,0.0601,0.05137,0.04221,0.0334,0.02589,0.01995,0.01526,0.01152,0.00875,0.00645,0.00418,0.00257,0.00199,0.00203,0.00264,0.00402,0.00585,0.00746,0.00867,0.00981,0.01072,0.01121,0.01168,0.01248,0.01306,0.01309,0.01281,0.01237,0.01138,0.00989,0.00882,0.00857,0.00895,0.01008,0.01193,0.01412,0.01589,0.01697,0.01743,0.01719,0.01595,0.01388,P
0.03649,0.04192,0.04743,0.05271,0.05771,0.06248,0.06701,0.07151,0.07633,0.08181,0.08802,0.09484,0.10217,0.10983,0.11746,0.12474,0.13113,0.13583,0.1381,0.1376,0.13431,0.12847,0.12076,0.11214,0.10333,0.09497,0.08769,0.08173,0.07704,0.07342,0.0706,0.06816,0.06544,0.06208,0.05814,0.05365,0.04854,0.0429,0.03712,0.03149,0.02606,0.02119,0.01718,0.01377,0.01069,0.008,0.00585,0.00425,0.00316,0.00277,0.00293,0.00316,0.00339,0.00378,0.0044,0.00529,0.00641,0.00762,0.00852,0.00876,0.00848,0.00805,0.00755,0.00707,0.00687,0.00695,0.00697,0.00683,0.00682,0.00721,0.00791,0.00889,0.01001,0.01091,0.01112,0.01061,0.00949,0.00806,P
0.03838,0.04612,0.05407,0.06211,0.07009,0.07765,0.08471,0.09158,0.09845,0.10583,0.11431,0.12421,0.1353,0.14681,0.15791,0.1675,0.1744,0.17812,0.1786,0.17583,0.16978,0.16088,0.14991,0.13774,0.12555,0.11461,0.10571,0.09887,0.09362,0.08946,0.08573,0.08169,0.07714,0.07188,0.06562,0.0585,0.05118,0.04432,0.03806,0.0324,0.02768,0.02389,0.02084,0.01852,0.01701,0.01625,0.01578,0.01522,0.01454,0.01352,0.01216,0.01075,0.00946,0.00828,0.00729,0.00652,0.00612,0.00623,0.00707,0.00869,0.01057,0.01232,0.0138,0.01495,0.01584,0.01657,0.01704,0.01705,0.01649,0.01568,0.01482,0.01393,0.01329,0.01309,0.01317,0.01325,0.0129,0.01224,P
0.03462,0.04328,0.05198,0.0602,0.06813,0.0761,0.08374,0.09071,0.0972,0.10384,0.11132,0.1202,0.13091,0.14337,0.1564,0.16859,0.17884,0.18561,0.18741,0.18367,0.17485,0.16232,0.14781,0.13338,0.1205,0.10982,0.10158,0.09578,0.09185,0.08861,0.08519,0.08138,0.07674,0.07109,0.06472,0.05769,0.04969,0.04103,0.03307,0.02687,0.02246,0.01933,0.01724,0.01582,0.0147,0.01393,0.01362,0.01314,0.012,0.01036,0.00892,0.00802,0.00749,0.00696,0.00603,0.00454,0.00326,0.00292,0.00372,0.00561,0.00819,0.01097,0.0134,0.0153,0.01662,0.01706,0.0164,0.01508,0.01375,0.01267,0.01212,0.01231,0.01267,0.01267,0.01217,0.01155,0.01107,0.01064,P
0.04449,0.05167,0.05896,0.06594,0.07256,0.07888,0.08489,0.09085,0.09727,0.10458,0.11286,0.12198,0.13179,0.14206,0.15229,0.16206,0.17064,0.17696,0.18004,0.1794,0.17502,0.16723,0.15694,0.14544,0.13369,0.12255,0.11287,0.10497,0.09878,0.09404,0.09037,0.08723,0.08371,0.07935,0.07422,0.06836,0.06167,0.05428,0.04671,0.03934,0.03227,0.02594,0.02078,0.01643,0.01254,0.0092,0.0066,0.00473,0.00354,0.00326,0.00368,0.00416,0.00458,0.00518,0.00604,0.00721,0.00866,0.0102,0.01131,0.01155,0.0111,0.01046,0.00974,0.00907,0.00879,0.00888,0.0089,0.00871,0.0087,0.00923,0.0102,0.01154,0.01308,0.01434,0.01469,0.01408,0.01266,0.01083,P
0.04571,0.05344,0.06088,0.06781,0.0741,0.07998,0.08611,0.09308,0.10113,0.11022,0.12003,0.13029,0.14065,0.15068,0.15999,0.16795,0.17393,0.17781,0.17954,0.17889,0.17571,0.17011,0.16222,0.15259,0.14213,0.13181,0.12227,0.11369,0.10615,0.09959,0.09372,0.08849,0.08387,0.07939,0.07446,0.06881,0.06254,0.05595,0.04907,0.04209,0.03541,0.02899,0.02277,0.0173,0.013,0.00976,0.00745,0.00602,0.00529,0.00489,0.00464,0.00475,0.00524,0.006,0.00707,0.00842,0.00977,0.01087,0.01158,0.01192,0.01184,0.0113,0.01068,0.01033,0.01018,0.01015,0.01036,0.01088,0.01141,0.0118,0.01232,0.013,0.01356,0.01391,0.01393,0.0135,0.01263,0.01167,P
0.04195,0.04826,0.05507,0.0629,0.07144,0.07992,0.08778,0.09483,0.10095,0.10665,0.11331,0.12188,0.1325,0.14498,0.1587,0.17251,0.18491,0.1942,0.19879,0.19767,0.19091,0.17989,0.16625,0.15136,0.13675,0.12354,0.11214,0.10322,0.09737,0.09412,0.0921,0.08991,0.0868,0.0826,0.0768,0.06947,0.06138,0.0528,0.04379,0.03509,0.02762,0.02161,0.01676,0.01278,0.00969,0.00703,0.00441,0.00245,0.00152,0.00127,0.00166,0.00287,0.00461,0.00619,0.00744,0.00862,0.00957,0.0101,0.01059,0.01136,0.01189,0.01188,0.01156,0.01107,0.01008,0.00864,0.00761,0.00739,0.0078,0.00895,0.01078,0.01293,0.01467,0.01572,0.01616,0.01591,0.01468,0.01265,P
0.03778,0.04486,0.05213,0.05949,0.06677,0.07367,0.08013,0.08639,0.09266,0.09939,0.10711,0.11611,0.12618,0.13664,0.14672,0.15542,0.16169,0.16506,0.1655,0.16298,0.15748,0.1494,0.13943,0.12838,0.1173,0.10735,0.09924,0.09301,0.0882,0.08438,0.08095,0.07723,0.07305,0.06823,0.06248,0.05596,0.04925,0.04295,0.0372,0.03198,0.02761,0.02408,0.02122,0.01902,0.01754,0.01674,0.01621,0.01559,0.01485,0.01381,0.01245,0.01104,0.00972,0.0085,0.00745,0.00659,0.00608,0.00603,0.00668,0.00805,0.00968,0.01122,0.01254,0.01358,0.01441,0.0151,0.01556,0.0156,0.01512,0.01441,0.01365,0.01284,0.01226,0.01208,0.01215,0.01221,0.01188,0.01125,P
0.04395,0.05138,0.05894,0.06619,0.07305,0.0796,0.08584,0.09204,0.09871,0.10632,0.11495,0.12445,0.13469,0.1454,0.15608,0.16628,0.17525,0.18186,0.18508,0.18443,0.17988,0.17177,0.16105,0.14907,0.13684,0.12525,0.11518,0.10698,0.10056,0.09567,0.09191,0.08869,0.08508,0.0806,0.07533,0.06929,0.06239,0.05476,0.04696,0.03936,0.03208,0.02558,0.02029,0.01588,0.01194,0.00858,0.00601,0.0042,0.0031,0.00294,0.00349,0.00409,0.0046,0.00528,0.00621,0.00745,0.00896,0.01056,0.01171,0.01195,0.01147,0.01081,0.01007,0.00938,0.00909,0.00919,0.00921,0.00901,0.009,0.00954,0.01054,0.01192,0.01353,0.01483,0.0152,0.01456,0.01309,0.01119,P
0.02675,0.03364,0.04076,0.04806,0.05564,0.06372,0.07256,0.08234,0.09321,0.10503,0.11739,0.12995,0.14226,0.15368,0.16365,0.17177,0.17792,0.1821,0.1843,0.18449,0.18264,0.17889,0.17355,0.16682,0.15885,0.14985,0.14004,0.1297,0.11924,0.10925,0.10005,0.09154,0.08363,0.07622,0.06916,0.06231,0.05555,0.04883,0.0421,0.03534,0.02881,0.0227,0.01708,0.01203,0.00774,0.00443,0.00223,0.00096,0.00047,0.00051,0.00074,0.001,0.0013,0.00169,0.00202,0.00212,0.00211,0.00205,0.00193,0.00186,0.00194,0.0022,0.00253,0.00292,0.0034,0.00394,0.00448,0.00496,0.00536,0.00563,0.00572,0.00567,0.00554,0.00536,0.00517,0.00499,0.00487,0.00483,P
0.03216,0.03862,0.04509,0.05121,0.05711,0.06302,0.06869,0.07385,0.07866,0.08357,0.08908,0.0956,0.10344,0.11254,0.12205,0.13094,0.1384,0.14333,0.14463,0.14189,0.13545,0.12629,0.11569,0.10514,0.0957,0.08786,0.08177,0.07745,0.07449,0.07202,0.06941,0.06649,0.06298,0.05871,0.05391,0.04862,0.04261,0.03613,0.03013,0.0254,0.02197,0.01946,0.01769,0.0164,0.01532,0.01449,0.01399,0.01336,0.01225,0.01077,0.00942,0.00847,0.00778,0.00707,0.00605,0.00459,0.00329,0.00268,0.00295,0.00407,0.00577,0.00769,0.00944,0.01087,0.01191,0.01234,0.01196,0.01107,0.01017,0.00942,0.00904,0.00919,0.00947,0.00947,0.00909,0.00862,0.00824,0.00789,P
0.04264,0.05021,0.0579,0.06528,0.07227,0.07895,0.08531,0.09163,0.09845,0.10622,0.11505,0.12478,0.13527,0.14625,0.1572,0.16766,0.17686,0.18366,0.18697,0.18632,0.18168,0.17338,0.16242,0.15017,0.13767,0.12582,0.11554,0.10719,0.10067,0.09571,0.09191,0.08869,0.08506,0.08055,0.07522,0.06911,0.06213,0.05441,0.0465,0.03882,0.03145,0.02491,0.01961,0.01521,0.0113,0.008,0.0055,0.00378,0.00277,0.00271,0.00337,0.00405,0.00463,0.00536,0.00632,0.00759,0.00914,0.01076,0.01192,0.01216,0.01168,0.011,0.01025,0.00955,0.00927,0.00937,0.0094,0.00919,0.00917,0.00972,0.01072,0.01213,0.01377,0.01509,0.01548,0.01483,0.01333,0.01139,P
0.04155,0.04795,0.05445,0.06067,0.06656,0.07219,0.07754,0.08285,0.08856,0.09504,0.10239,0.11047,0.11917,0.12826,0.13731,0.14596,0.15354,0.15914,0.16184,0.16126,0.15737,0.15046,0.14133,0.13112,0.12069,0.1108,0.10219,0.09516,0.08964,0.08539,0.08209,0.07926,0.07608,0.07215,0.06755,0.06229,0.05629,0.04968,0.0429,0.03629,0.02994,0.02425,0.01958,0.01563,0.01208,0.009,0.00658,0.0048,0.00363,0.00327,0.00356,0.0039,0.00422,0.00472,0.00547,0.00651,0.00782,0.00921,0.01023,0.01048,0.01012,0.00958,0.00896,0.00838,0.00813,0.00822,0.00824,0.00807,0.00806,0.00853,0.00937,0.01055,0.0119,0.01299,0.01328,0.0127,0.01141,0.00976,P
0.04382,0.05177,0.05942,0.06656,0.07302,0.07907,0.08539,0.09259,0.10092,0.11033,0.1205,0.13115,0.1419,0.15233,0.16201,0.17028,0.17651,0.18056,0.18238,0.18173,0.17846,0.17266,0.16451,0.15454,0.14372,0.13305,0.12319,0.11436,0.1066,0.09986,0.09385,0.08852,0.08382,0.07928,0.07428,0.06853,0.06215,0.05543,0.04843,0.04133,0.03455,0.02805,0.02176,0.01628,0.01201,0.00884,0.00665,0.00535,0.00478,0.00451,0.00439,0.00463,0.00522,0.00608,0.00724,0.00866,0.01007,0.01122,0.01195,0.01229,0.0122,0.01164,0.01099,0.01063,0.01047,0.01045,0.01067,0.01121,0.01175,0.01215,0.01267,0.01337,0.01394,0.01431,0.01432,0.01388,0.01299,0.012,P
0.03239,0.04147,0.05059,0.05921,0.06754,0.07592,0.08395,0.09128,0.09811,0.10511,0.113,0.12238,0.13369,0.14687,0.16065,0.17356,0.18442,0.19161,0.19356,0.18966,0.1804,0.16722,0.15197,0.1368,0.12328,0.11209,0.10348,0.09746,0.09343,0.09013,0.08665,0.08276,0.07801,0.07218,0.06561,0.05835,0.05007,0.04111,0.03288,0.02652,0.02207,0.01898,0.017,0.01574,0.01478,0.01418,0.01402,0.01364,0.01253,0.01083,0.0093,0.00833,0.00774,0.00716,0.00618,0.00461,0.00328,0.00294,0.00381,0.00581,0.00852,0.01142,0.01395,0.01591,0.01724,0.01765,0.0169,0.01546,0.01402,0.01286,0.01226,0.01244,0.01283,0.01283,0.01231,0.01167,0.01118,0.01077,P
0.03778,0.04486,0.05213,0.05949,0.06677,0.07367,0.08013,0.08639,0.09266,0.09939,0.10711,0.11611,0.12618,0.13664,0.14672,0.15542,0.16169,0.16506,0.1655,0.16298,0.15748,0.1494,0.13943,0.12838,0.1173,0.10735,0.09924,0.09301,0.0882,0.08438,0.08095,0.07723,0.07305,0.06823,0.06248,0.05596,0.04925,0.04295,0.0372,0.03198,0.02761,0.02408,0.02122,0.01902,0.01754,0.01674,0.01621,0.01559,0.01485,0.01381,0.01245,0.01104,0.00972,0.0085,0.00745,0.00659,0.00608,0.00603,0.00668,0.00805,0.00968,0.01122,0.01254,0.01358,0.01441,0.0151,0.01556,0.0156,0.01512,0.01441,0.01365,0.01284,0.01226,0.01208,0.01215,0.01221,0.01188,0.01125,P
0.03616,0.04273,0.04947,0.0563,0.06306,0.06945,0.07544,0.08125,0.08706,0.09329,0.10043,0.10877,0.11808,0.12775,0.13707,0.14512,0.15091,0.15403,0.15444,0.1521,0.14702,0.13955,0.13033,0.1201,0.10985,0.10065,0.09314,0.08737,0.08291,0.07935,0.07616,0.0727,0.06881,0.06433,0.05899,0.05293,0.04669,0.04084,0.03549,0.03063,0.02655,0.02325,0.02056,0.01848,0.01707,0.01628,0.01574,0.01511,0.01437,0.01335,0.01204,0.01067,0.00939,0.00819,0.00715,0.00629,0.00574,0.00563,0.00617,0.0074,0.00887,0.01027,0.01148,0.01244,0.01321,0.01387,0.01431,0.01436,0.01394,0.01329,0.01259,0.01185,0.01131,0.01115,0.0112,0.01125,0.01094,0.01035,P
0.04511,0.05291,0.06043,0.06743,0.07378,0.07971,0.08592,0.09296,0.10111,0.11031,0.12024,0.13063,0.14113,0.1513,0.16073,0.1688,0.17486,0.1788,0.18056,0.17991,0.1767,0.17102,0.16304,0.15329,0.14271,0.13226,0.12261,0.11395,0.10633,0.0997,0.09378,0.08852,0.08386,0.07936,0.0744,0.06871,0.06241,0.05576,0.04884,0.04181,0.03509,0.02864,0.02239,0.01691,0.01262,0.0094,0.00713,0.00575,0.00508,0.00472,0.00452,0.00468,0.00521,0.00601,0.00712,0.0085,0.00987,0.01099,0.01171,0.01205,0.01197,0.01142,0.01079,0.01043,0.01028,0.01025,0.01046,0.01099,0.01153,0.01192,0.01244,0.01313,0.01369,0.01405,0.01407,0.01363,0.01276,0.01179,P
0.03504,0.04173,0.0486,0.05554,0.06242,0.06893,0.07502,0.08092,0.08683,0.09316,0.10041,0.10887,0.11833,0.12814,0.13759,0.14575,0.15161,0.15476,0.15516,0.15277,0.14759,0.13997,0.13058,0.12017,0.10973,0.10036,0.0927,0.08679,0.08222,0.07857,0.07528,0.07172,0.06771,0.06311,0.05763,0.05141,0.04502,0.03901,0.03351,0.0285,0.02429,0.02086,0.01805,0.01586,0.01434,0.01345,0.01281,0.01208,0.01124,0.01011,0.00868,0.00718,0.00576,0.00441,0.00324,0.00223,0.0015,0.00116,0.00141,0.00232,0.00349,0.00462,0.00568,0.00654,0.00728,0.00795,0.00842,0.0085,0.00809,0.00743,0.00671,0.00593,0.00536,0.00517,0.0052,0.00522,0.00487,0.00424,P
0.03429,0.04137,0.04847,0.05517,0.06164,0.06813,0.07434,0.08,0.08528,0.09066,0.09671,0.10388,0.11249,0.1225,0.13295,0.14273,0.15094,0.15636,0.15779,0.15478,0.1477,0.13762,0.12597,0.11436,0.10399,0.09537,0.08869,0.08396,0.08072,0.07802,0.07516,0.07198,0.06814,0.06346,0.05822,0.05242,0.04585,0.03874,0.03218,0.02702,0.02328,0.02056,0.01866,0.01729,0.01614,0.01528,0.01478,0.01414,0.01297,0.0114,0.00997,0.00899,0.00829,0.00757,0.00651,0.00499,0.00362,0.00302,0.00338,0.00467,0.00657,0.0087,0.01063,0.0122,0.01332,0.01377,0.01333,0.01234,0.01133,0.01049,0.01007,0.01023,0.01053,0.01052,0.01011,0.00959,0.00917,0.00879,P
0.03521,0.04389,0.05286,0.062,0.07111,0.07976,0.08786,0.09576,0.1037,0.11229,0.12225,0.13398,0.14716,0.16091,0.17419,0.18568,0.19395,0.1984,0.19896,0.19562,0.18834,0.17764,0.16447,0.14988,0.13531,0.12229,0.11177,0.1038,0.09778,0.09311,0.08901,0.08457,0.07955,0.07371,0.06668,0.05865,0.05041,0.04277,0.03592,0.02984,0.02496,0.02126,0.01849,0.01658,0.01559,0.01542,0.01551,0.01538,0.01498,0.01405,0.01261,0.01104,0.00957,0.00823,0.00716,0.00639,0.0061,0.0064,0.00757,0.00962,0.01191,0.01396,0.01563,0.01682,0.01766,0.01826,0.01855,0.0183,0.01742,0.01629,0.01514,0.01401,0.01322,0.013,0.01315,0.01334,0.01307,0.01246,P
0.03516,0.04015,0.04534,0.05012,0.05397,0.05687,0.0591,0.06129,0.0643,0.06841,0.07359,0.07977,0.08677,0.09434,0.10209,0.10954,0.11602,0.12064,0.12271,0.12203,0.11878,0.1133,0.10616,0.09818,0.09008,0.08255,0.07599,0.07077,0.06707,0.06443,0.06242,0.06054,0.0582,0.05516,0.05132,0.04699,0.04244,0.03729,0.03154,0.0256,0.01991,0.01479,0.01055,0.0075,0.00552,0.00397,0.00269,0.00182,0.00131,0.00095,0.00083,0.00114,0.00172,0.00209,0.00214,0.0021,0.00207,0.00193,0.00194,0.00226,0.00269,0.00289,0.00281,0.0028,0.00306,0.00358,0.00441,0.00562,0.00712,0.00872,0.01006,0.01089,0.01106,0.01041,0.00903,0.00736,0.00586,0.00454,N
0.03339,0.04437,0.05605,0.06819,0.08012,0.09094,0.10002,0.10713,0.11308,0.11904,0.12617,0.13561,0.14741,0.16123,0.17619,0.19091,0.2038,0.21316,0.21716,0.21474,0.20592,0.19229,0.1762,0.15966,0.14436,0.13189,0.12281,0.11649,0.11181,0.10817,0.10454,0.09979,0.09339,0.08528,0.07598,0.06605,0.05552,0.04481,0.03465,0.02627,0.0199,0.01471,0.01052,0.00749,0.00501,0.00274,0.00103,0.00024,0.00031,0.00069,0.00102,0.00168,0.00308,0.00517,0.00723,0.00846,0.00886,0.00833,0.00662,0.00442,0.00273,0.00169,0.00093,0.00021,0.00012,0.00108,0.00312,0.00597,0.00906,0.01178,0.01387,0.01488,0.0148,0.01417,0.01327,0.01167,0.00909,0.00606,N
0.03594,0.04637,0.05799,0.06977,0.08081,0.09035,0.09828,0.10535,0.11213,0.11946,0.12835,0.13903,0.15123,0.16413,0.17714,0.18941,0.19951,0.20643,0.20947,0.20773,0.20108,0.19024,0.17664,0.16184,0.14755,0.13537,0.12578,0.11823,0.11239,0.10769,0.10335,0.09843,0.0923,0.08505,0.07669,0.06706,0.05678,0.04659,0.03721,0.02902,0.02229,0.01707,0.01282,0.00905,0.00591,0.00359,0.00208,0.00129,0.00116,0.00168,0.00243,0.00321,0.00422,0.00548,0.00671,0.00755,0.00778,0.00732,0.00617,0.00462,0.00314,0.00202,0.00119,0.0008,0.00114,0.00229,0.00426,0.00684,0.00951,0.01177,0.01319,0.01389,0.01405,0.01367,0.01283,0.01156,0.00961,0.00716,N
0.03302,0.0434,0.05482,0.06693,0.0794,0.0917,0.10269,0.11136,0.11714,0.12083,0.12429,0.1298,0.13941,0.15389,0.17232,0.1925,0.21057,0.22308,0.22748,0.22299,0.21095,0.1936,0.17391,0.15517,0.13933,0.12729,0.11885,0.11405,0.11196,0.11034,0.10738,0.10254,0.09563,0.08684,0.07655,0.06534,0.0542,0.04414,0.03499,0.0264,0.01886,0.01356,0.0103,0.00806,0.00662,0.00587,0.00523,0.00406,0.00255,0.00169,0.00197,0.00362,0.0061,0.00883,0.01159,0.01359,0.0139,0.01248,0.01036,0.00808,0.00584,0.00384,0.00277,0.00268,0.00302,0.00333,0.00417,0.00585,0.00875,0.01221,0.01541,0.01778,0.01885,0.01789,0.01492,0.01109,0.0078,0.00532,N
0.0205,0.02825,0.0367,0.0455,0.05456,0.06366,0.07255,0.08112,0.08944,0.09765,0.1061,0.1153,0.12566,0.13715,0.14928,0.16123,0.1719,0.18042,0.18621,0.18872,0.18762,0.18281,0.17435,0.16269,0.14879,0.13431,0.12096,0.10987,0.10154,0.09584,0.09188,0.08867,0.08525,0.08116,0.07611,0.06984,0.06233,0.05382,0.04456,0.03502,0.02575,0.01757,0.01115,0.00658,0.00373,0.00221,0.00155,0.00138,0.00135,0.00137,0.00153,0.00163,0.00169,0.00172,0.0017,0.00166,0.00158,0.00152,0.00155,0.00155,0.00148,0.00148,0.00165,0.00206,0.00278,0.00382,0.00495,0.00583,0.0062,0.00601,0.00541,0.00462,0.00377,0.00298,0.00237,0.00207,0.00218,0.0028,N
0.01582,0.01997,0.02467,0.02971,0.03494,0.04005,0.04493,0.04958,0.05422,0.05917,0.06456,0.07048,0.07662,0.08231,0.08725,0.09125,0.09408,0.09558,0.09573,0.09461,0.09209,0.08817,0.08315,0.07728,0.07083,0.06428,0.05803,0.05232,0.04738,0.04337,0.04003,0.03691,0.03386,0.03073,0.02734,0.02385,0.0205,0.01736,0.01446,0.01175,0.00934,0.007,0.00477,0.0029,0.0014,0.00036,0.00008,0.00055,0.00137,0.00208,0.00246,0.00234,0.00184,0.00141,0.00135,0.00158,0.00189,0.00208,0.00193,0.00139,0.00078,0.00037,0.0002,0.00016,0.00031,0.0006,0.00078,0.0008,0.0007,0.00053,0.00047,0.00052,0.00077,0.00119,0.00146,0.00162,0.00185,0.00218,N
0.04024,0.04848,0.0566,0.06426,0.07177,0.07932,0.08706,0.0955,0.10483,0.11496,0.12562,0.13633,0.14657,0.15575,0.16343,0.1693,0.17312,0.17506,0.17543,0.1742,0.17134,0.16703,0.16128,0.1539,0.14491,0.13506,0.12517,0.11574,0.10715,0.09964,0.09311,0.08726,0.08148,0.0755,0.0691,0.06232,0.05531,0.04808,0.04085,0.03399,0.0275,0.02144,0.01613,0.01201,0.00904,0.00684,0.00529,0.0045,0.00436,0.00461,0.00505,0.00547,0.00583,0.0059,0.00545,0.00477,0.00426,0.00402,0.00364,0.00294,0.00221,0.00154,0.00089,0.00055,0.00074,0.00132,0.00201,0.00277,0.00363,0.00466,0.00582,0.00682,0.0074,0.00743,0.00715,0.00664,0.00591,0.00523,N
0.03162,0.04337,0.05645,0.06968,0.08154,0.09166,0.1006,0.10924,0.11867,0.12975,0.14269,0.15733,0.17291,0.18874,0.20366,0.21658,0.22674,0.23321,0.23543,0.23339,0.22686,0.21585,0.20089,0.18382,0.1669,0.15127,0.1376,0.12663,0.11807,0.11112,0.1049,0.0988,0.09229,0.08469,0.07544,0.0647,0.05319,0.04215,0.03223,0.02344,0.01606,0.01058,0.00659,0.0036,0.00168,0.00097,0.00091,0.00092,0.00091,0.00104,0.00167,0.00266,0.00345,0.00393,0.0044,0.00501,0.0052,0.00478,0.00427,0.00362,0.00254,0.00139,0.00074,0.00075,0.00119,0.0021,0.00353,0.00537,0.0075,0.00951,0.01088,0.01165,0.01205,0.01188,0.01091,0.00937,0.00771,0.00586,N
0.03622,0.04166,0.04681,0.05151,0.05548,0.05884,0.06181,0.06444,0.06699,0.07006,0.0742,0.0799,0.08714,0.09587,0.10592,0.11621,0.12539,0.13212,0.13501,0.13371,0.12856,0.12062,0.1114,0.10166,0.09207,0.08353,0.07655,0.07154,0.06837,0.06649,0.06518,0.06354,0.06125,0.05833,0.05468,0.04989,0.04398,0.03755,0.03109,0.0248,0.01871,0.01331,0.00896,0.00529,0.00266,0.00137,0.001,0.0009,0.00068,0.00082,0.00119,0.00122,0.00108,0.00123,0.00177,0.00239,0.0031,0.0039,0.00432,0.00405,0.00329,0.00272,0.00254,0.00256,0.00291,0.00373,0.00511,0.00673,0.00813,0.00942,0.01063,0.01177,0.01258,0.01283,0.01229,0.0105,0.00764,0.0046,N
0.03775,0.04805,0.05898,0.07033,0.08147,0.09158,0.10006,0.10672,0.11229,0.11786,0.12451,0.13327,0.1442,0.15697,0.17079,0.18437,0.19626,0.20487,0.20853,0.20625,0.19805,0.1854,0.17047,0.15512,0.14089,0.12926,0.12076,0.11478,0.11031,0.10678,0.10326,0.09869,0.09258,0.08488,0.07607,0.06667,0.0567,0.04656,0.03691,0.02889,0.02271,0.01761,0.01343,0.01029,0.00766,0.00517,0.00322,0.00217,0.00199,0.00218,0.00239,0.00295,0.00419,0.00604,0.00784,0.00886,0.00911,0.00848,0.00675,0.00455,0.0028,0.00169,0.00086,0.00013,0.00003,0.00095,0.0029,0.00558,0.00849,0.01107,0.01303,0.01398,0.01392,0.01334,0.01249,0.01099,0.00858,0.00571,N
0.03315,0.04376,0.05517,0.06692,0.07891,0.09053,0.10051,0.10802,0.11341,0.118,0.12328,0.13049,0.14102,0.15506,0.17133,0.18801,0.20324,0.21428,0.2186,0.21521,0.2049,0.18963,0.17195,0.1546,0.13964,0.12761,0.11896,0.11369,0.11065,0.10804,0.10475,0.10017,0.0937,0.08524,0.07545,0.06523,0.05488,0.04434,0.03455,0.02627,0.01958,0.0144,0.01064,0.00803,0.00608,0.00422,0.00257,0.00165,0.00131,0.00106,0.00122,0.00215,0.00404,0.00648,0.00879,0.01052,0.01091,0.00977,0.00771,0.00539,0.00342,0.00206,0.00128,0.00073,0.00035,0.00082,0.00233,0.00469,0.0077,0.01095,0.01372,0.01524,0.01547,0.01482,0.01331,0.01089,0.00792,0.00519,N
0.04019,0.0432,0.04945,0.05852,0.069,0.07878,0.08741,0.09484,0.1009,0.10651,0.11241,0.12051,0.13107,0.14361,0.15839,0.17353,0.18641,0.19462,0.19624,0.19161,0.18164,0.16846,0.15447,0.14153,0.13125,0.12307,0.11604,0.11006,0.10479,0.09988,0.09417,0.08743,0.08053,0.0736,0.06648,0.05918,0.05142,0.04312,0.03443,0.02632,0.01967,0.01513,0.01304,0.01329,0.01544,0.01887,0.022,0.02327,0.02177,0.01809,0.01334,0.00837,0.00451,0.00313,0.0041,0.00634,0.00902,0.01122,0.01141,0.00902,0.0052,0.00174,0.00081,0.00274,0.00679,0.01175,0.01682,0.02077,0.02236,0.02145,0.01883,0.01521,0.01172,0.00889,0.00704,0.00556,0.0043,0.00456,N
0.03512,0.04303,0.05137,0.05903,0.06511,0.06956,0.07288,0.0762,0.08105,0.08793,0.0968,0.10753,0.1198,0.13314,0.14689,0.16017,0.17177,0.18012,0.18398,0.18299,0.17749,0.16806,0.15572,0.14195,0.12804,0.11522,0.1042,0.09565,0.08989,0.08609,0.08348,0.08118,0.07812,0.07389,0.06829,0.06188,0.05515,0.04741,0.03868,0.02967,0.02117,0.01378,0.00804,0.0045,0.00289,0.00216,0.00174,0.00168,0.00181,0.00177,0.00178,0.00227,0.00313,0.00376,0.00389,0.00383,0.00369,0.00324,0.00291,0.00297,0.00316,0.00294,0.00239,0.00201,0.00215,0.00276,0.00399,0.00592,0.00845,0.01123,0.01363,0.01518,0.0156,0.01464,0.01245,0.00981,0.00752,0.00565,N
0.0371,0.04801,0.05923,0.07012,0.08021,0.08943,0.09828,0.10743,0.11774,0.12954,0.1425,0.156,0.16961,0.18261,0.1941,0.20331,0.20994,0.21384,0.21487,0.21322,0.20899,0.20176,0.19171,0.17969,0.16654,0.15314,0.14051,0.12943,0.12014,0.11217,0.10509,0.0986,0.09228,0.08515,0.07681,0.0675,0.05782,0.04821,0.039,0.03057,0.02306,0.01634,0.01071,0.00648,0.00346,0.00153,0.00065,0.00051,0.00079,0.00145,0.00243,0.00359,0.00436,0.00457,0.00454,0.00438,0.00424,0.00416,0.00396,0.00347,0.00265,0.00157,0.00071,0.00044,0.00077,0.00153,0.00257,0.0038,0.00527,0.00676,0.00813,0.00922,0.00974,0.00969,0.00901,0.00785,0.00657,0.00535,N
0.04545,0.05113,0.05662,0.06209,0.06778,0.07418,0.0813,0.08953,0.09865,0.10821,0.11871,0.13002,0.14146,0.15247,0.16232,0.17094,0.17748,0.18133,0.18257,0.18108,0.17709,0.17065,0.16189,0.15173,0.14108,0.13085,0.12136,0.11289,0.10604,0.10022,0.09461,0.08897,0.08288,0.076,0.06812,0.05982,0.05189,0.04453,0.03768,0.03164,0.02681,0.02359,0.02184,0.021,0.02016,0.01905,0.01791,0.01678,0.01591,0.01544,0.01478,0.01335,0.01147,0.0099,0.00856,0.00709,0.0053,0.00356,0.00248,0.00224,0.00277,0.00361,0.00413,0.00448,0.00483,0.00564,0.0072,0.00909,0.01057,0.01126,0.0113,0.01042,0.00841,0.00618,0.00418,0.0025,0.00167,0.00174,N
0.04599,0.05025,0.05428,0.05875,0.0642,0.07022,0.07687,0.08365,0.09016,0.09669,0.10367,0.11187,0.12121,0.13076,0.14006,0.14804,0.15395,0.15746,0.15844,0.15705,0.15316,0.14679,0.13865,0.1295,0.12041,0.11222,0.10543,0.09992,0.09483,0.08992,0.08519,0.08041,0.0755,0.07012,0.06402,0.05717,0.04998,0.04326,0.03731,0.03209,0.02783,0.02471,0.02273,0.02157,0.02109,0.02104,0.02075,0.01978,0.01819,0.01624,0.0142,0.01217,0.01025,0.00866,0.00729,0.00578,0.00423,0.00294,0.00198,0.00148,0.00128,0.00131,0.00159,0.00219,0.00331,0.00516,0.00735,0.00933,0.01072,0.01155,0.01168,0.01074,0.00877,0.00632,0.00438,0.00339,0.00316,0.00371,N
0.03786,0.04404,0.05049,0.05642,0.06119,0.06477,0.06751,0.07022,0.07397,0.07913,0.08566,0.09347,0.10234,0.11193,0.12177,0.13124,0.13949,0.14539,0.14807,0.14728,0.14326,0.13641,0.12746,0.11746,0.10732,0.09792,0.08976,0.08332,0.07881,0.07566,0.07332,0.07115,0.06842,0.06481,0.0602,0.05498,0.04949,0.04325,0.03627,0.02906,0.02217,0.01603,0.011,0.00751,0.00537,0.00384,0.00263,0.00189,0.00151,0.00122,0.00113,0.00152,0.00222,0.00269,0.00276,0.00271,0.00265,0.00243,0.00237,0.00267,0.0031,0.00322,0.00303,0.00294,0.00321,0.0038,0.00482,0.00631,0.0082,0.01022,0.01193,0.013,0.01324,0.01246,0.01077,0.00872,0.00689,0.00532,N
0.03616,0.04353,0.05125,0.05834,0.06403,0.06828,0.07152,0.07473,0.07925,0.08551,0.09347,0.10304,0.11391,0.1257,0.13781,0.14948,0.15968,0.167,0.17039,0.16953,0.16472,0.15645,0.14563,0.13353,0.12128,0.10996,0.10018,0.09252,0.08727,0.08369,0.08114,0.07882,0.07581,0.07176,0.06649,0.06048,0.05418,0.04697,0.03886,0.03049,0.02253,0.01551,0.00988,0.00615,0.00411,0.00289,0.00206,0.00168,0.00162,0.00152,0.0015,0.00196,0.00274,0.00331,0.00341,0.00335,0.00325,0.00292,0.00273,0.00294,0.00328,0.00324,0.00287,0.00263,0.00286,0.0035,0.00468,0.00647,0.00876,0.01124,0.01334,0.01469,0.01503,0.01413,0.01214,0.00974,0.00761,0.00581,N
0.0398,0.04411,0.04908,0.05534,0.06311,0.07254,0.08216,0.09076,0.09829,0.1055,0.11347,0.12313,0.13521,0.14954,0.1639,0.17632,0.18571,0.19142,0.19312,0.19051,0.18359,0.17318,0.16048,0.14708,0.13442,0.12378,0.11589,0.10971,0.10369,0.09725,0.09075,0.08443,0.07792,0.0712,0.06387,0.0554,0.04592,0.03641,0.02816,0.02169,0.01659,0.01275,0.01013,0.00927,0.01052,0.01295,0.01501,0.01562,0.01411,0.01088,0.00739,0.00509,0.00408,0.00334,0.00259,0.00249,0.00283,0.00322,0.00344,0.0033,0.00273,0.00213,0.0023,0.00379,0.0065,0.00977,0.01279,0.01518,0.0169,0.01764,0.01668,0.01418,0.01077,0.00686,0.00348,0.00184,0.00185,0.00259,N
0.01585,0.02165,0.02745,0.03301,0.03846,0.04359,0.04847,0.05358,0.05905,0.06463,0.07009,0.07585,0.08227,0.08898,0.09577,0.10225,0.10754,0.11068,0.11134,0.10956,0.10535,0.09903,0.09135,0.08327,0.07523,0.0677,0.06121,0.05555,0.05038,0.04558,0.04123,0.03761,0.03466,0.03211,0.02957,0.02662,0.02288,0.01848,0.01392,0.00974,0.00625,0.0035,0.00171,0.00096,0.00064,0.00059,0.00067,0.00069,0.00048,0.00047,0.0013,0.00271,0.00401,0.00493,0.00504,0.00429,0.00286,0.00154,0.00074,0.00032,0.00019,0.00045,0.00091,0.00126,0.00142,0.00147,0.00118,0.00078,0.00063,0.00087,0.00124,0.00149,0.00157,0.00141,0.00097,0.00077,0.0011,0.00152,N
0.01399,0.01788,0.02175,0.02554,0.02931,0.03296,0.0366,0.04031,0.04419,0.04823,0.05229,0.05665,0.06158,0.0672,0.07353,0.08015,0.08637,0.09134,0.09438,0.09509,0.0933,0.08936,0.084,0.07789,0.07161,0.06562,0.06023,0.05563,0.05184,0.04874,0.04611,0.04364,0.04112,0.03832,0.03501,0.03136,0.02755,0.02373,0.02006,0.01674,0.01391,0.01152,0.0095,0.00784,0.00637,0.00496,0.00363,0.00258,0.00196,0.00172,0.00181,0.00213,0.00256,0.00285,0.00292,0.00293,0.00296,0.00305,0.00317,0.00322,0.00311,0.00274,0.00216,0.00156,0.00115,0.00118,0.00167,0.00256,0.00373,0.00493,0.00585,0.00635,0.00641,0.00602,0.00512,0.00399,0.00291,0.00216,N
0.03362,0.04048,0.04531,0.04904,0.05382,0.05959,0.06528,0.07027,0.07358,0.07596,0.07877,0.08415,0.09425,0.10876,0.12558,0.14229,0.1564,0.16619,0.17066,0.16936,0.1624,0.15059,0.13546,0.11962,0.10594,0.09515,0.08751,0.0825,0.07881,0.07625,0.0745,0.07355,0.07316,0.07104,0.06669,0.06043,0.05233,0.04354,0.03469,0.02715,0.02144,0.01603,0.01103,0.00701,0.00421,0.00231,0.00164,0.0031,0.00559,0.00661,0.00591,0.00463,0.00344,0.00209,0.00203,0.00382,0.00627,0.00767,0.00757,0.00655,0.00469,0.0023,0.00074,0.00092,0.00287,0.00537,0.00736,0.00902,0.0108,0.01254,0.01405,0.01598,0.01836,0.02019,0.02029,0.01854,0.01544,0.01107,N
0.03912,0.04502,0.04987,0.05414,0.05826,0.06254,0.06662,0.06994,0.07272,0.07535,0.07879,0.08406,0.09192,0.10241,0.11448,0.1267,0.13743,0.14504,0.14848,0.14708,0.14122,0.13201,0.12089,0.10946,0.09868,0.08949,0.08246,0.07751,0.07436,0.07223,0.07063,0.06923,0.06732,0.0647,0.06077,0.05539,0.04881,0.04123,0.03384,0.02726,0.02133,0.01586,0.01085,0.00694,0.00408,0.00234,0.00195,0.00248,0.00336,0.00394,0.00394,0.00356,0.00303,0.00289,0.00323,0.00441,0.00615,0.00745,0.00769,0.00704,0.00602,0.00491,0.00408,0.0043,0.00537,0.00674,0.00819,0.0098,0.01144,0.0127,0.01379,0.01499,0.0164,0.01739,0.01705,0.01517,0.0121,0.00847,N
0.03549,0.04246,0.04905,0.05508,0.06016,0.06445,0.06824,0.0716,0.07488,0.07888,0.08433,0.09189,0.10154,0.1132,0.12664,0.14043,0.15277,0.16185,0.16584,0.16425,0.15755,0.14714,0.13506,0.12229,0.10977,0.09866,0.08967,0.08333,0.07947,0.07736,0.07603,0.07429,0.07171,0.06831,0.06396,0.05811,0.0508,0.04281,0.03481,0.02706,0.0196,0.01309,0.008,0.00391,0.0012,0.00018,0.00028,0.00061,0.00063,0.00097,0.00154,0.00167,0.00152,0.00167,0.00227,0.00293,0.00366,0.00446,0.00476,0.0042,0.00301,0.0021,0.00173,0.00166,0.00206,0.00309,0.00492,0.00708,0.00897,0.01074,0.01244,0.01406,0.01527,0.01575,0.0152,0.01301,0.00945,0.00565,N
0.03674,0.04349,0.05054,0.05719,0.06279,0.06729,0.07115,0.0752,0.08033,0.08718,0.09563,0.1055,0.11645,0.12786,0.13904,0.14899,0.15705,0.16277,0.16559,0.16537,0.16182,0.15498,0.14563,0.13462,0.12323,0.11249,0.10307,0.09534,0.08916,0.08445,0.0809,0.07789,0.07467,0.07051,0.06548,0.05985,0.05356,0.04654,0.03882,0.031,0.02339,0.0165,0.01115,0.00738,0.00482,0.00299,0.0017,0.00104,0.0007,0.00059,0.00076,0.00121,0.00203,0.00278,0.00308,0.00289,0.00252,0.00208,0.00169,0.00182,0.00233,0.0026,0.00248,0.00239,0.00274,0.00329,0.00412,0.00565,0.00784,0.01016,0.01198,0.01293,0.01276,0.01138,0.0093,0.0073,0.00581,0.00456,N
0.02876,0.03664,0.04464,0.0518,0.05762,0.06169,0.06463,0.06771,0.07161,0.07718,0.08508,0.09513,0.10721,0.12104,0.13611,0.15165,0.16567,0.1758,0.18045,0.17878,0.17149,0.16025,0.14636,0.1314,0.11672,0.10318,0.09205,0.08402,0.07911,0.07684,0.07551,0.07385,0.07135,0.06762,0.06273,0.05665,0.0494,0.0416,0.03324,0.02438,0.01619,0.00952,0.0046,0.0015,0.00006,0.00001,0.00044,0.00056,0.00056,0.00055,0.00067,0.00089,0.00098,0.00094,0.00113,0.00139,0.00143,0.00156,0.00184,0.0019,0.00159,0.00121,0.00105,0.0007,0.00032,0.00091,0.00248,0.00456,0.00686,0.00923,0.01164,0.01353,0.0144,0.01419,0.01277,0.0101,0.0067,0.00353,N
0.01847,0.02536,0.03217,0.0384,0.04397,0.04959,0.05556,0.06207,0.06903,0.07582,0.08252,0.08945,0.09702,0.1054,0.11423,0.12335,0.13128,0.13629,0.13759,0.13479,0.12817,0.11878,0.10804,0.0972,0.08694,0.07772,0.06967,0.06232,0.05566,0.04994,0.0449,0.04051,0.03715,0.03466,0.03253,0.0298,0.02637,0.02197,0.01652,0.01116,0.00677,0.00384,0.00287,0.0034,0.00461,0.00535,0.00526,0.00462,0.00372,0.00337,0.0045,0.00709,0.01015,0.01259,0.01332,0.01199,0.00939,0.00672,0.00476,0.00388,0.00416,0.00515,0.0057,0.0055,0.00494,0.00428,0.00396,0.00399,0.00428,0.0047,0.00479,0.0045,0.00401,0.0035,0.0034,0.00347,0.00367,0.0039,N
0.01603,0.02099,0.02626,0.03168,0.03695,0.0419,0.04661,0.0512,0.0559,0.06086,0.0662,0.07188,0.07783,0.08408,0.09023,0.09548,0.09941,0.10182,0.10231,0.10084,0.09754,0.09255,0.08625,0.07905,0.07177,0.06494,0.0587,0.0534,0.04874,0.04435,0.04053,0.03731,0.03457,0.03198,0.02924,0.02614,0.02247,0.01844,0.01467,0.01131,0.0084,0.00606,0.00416,0.00257,0.00151,0.00099,0.00088,0.00088,0.00108,0.00157,0.00214,0.00277,0.00336,0.0036,0.00351,0.00325,0.00291,0.00246,0.00201,0.00165,0.00121,0.00076,0.00075,0.00123,0.00179,0.00209,0.00204,0.00176,0.00151,0.00151,0.00186,0.00238,0.00271,0.00268,0.00244,0.00232,0.00239,0.00273,N
0.02116,0.0272,0.03328,0.03937,0.0454,0.05141,0.05784,0.06502,0.07317,0.08253,0.09301,0.10425,0.1158,0.12714,0.13777,0.14707,0.15461,0.16019,0.16364,0.16485,0.16397,0.161,0.15593,0.14889,0.14029,0.13052,0.12011,0.10981,0.10031,0.09188,0.08461,0.07844,0.07307,0.0681,0.06314,0.05788,0.05212,0.04581,0.0392,0.03262,0.0264,0.02069,0.01553,0.01098,0.0071,0.004,0.00184,0.0005,0,0.00012,0.00066,0.0014,0.0021,0.00258,0.00275,0.00259,0.00216,0.00161,0.00113,0.00073,0.00041,0.00024,0.00018,0.00025,0.00027,0.00025,0.00024,0.00033,0.00063,0.00118,0.00187,0.00257,0.00308,0.0033,0.00325,0.003,0.00262,0.00222,N
0.04675,0.05186,0.05669,0.06211,0.06879,0.07623,0.08447,0.09291,0.10102,0.10917,0.11792,0.12824,0.14004,0.15213,0.16391,0.17403,0.18152,0.18598,0.18722,0.18546,0.18052,0.17244,0.16211,0.15052,0.13903,0.1287,0.12017,0.1133,0.10699,0.10092,0.0951,0.08922,0.08322,0.07662,0.06913,0.0607,0.05185,0.04362,0.03639,0.03011,0.02508,0.02152,0.01943,0.01841,0.01827,0.0187,0.01885,0.01814,0.01666,0.01475,0.01273,0.01074,0.00892,0.00754,0.00646,0.00528,0.00402,0.00299,0.00221,0.00186,0.00172,0.0017,0.0019,0.00253,0.00377,0.0059,0.00848,0.01083,0.01244,0.01337,0.01341,0.01211,0.00953,0.00634,0.0038,0.00245,0.00204,0.0026,N
0.03019,0.03732,0.04458,0.05161,0.05824,0.06479,0.07167,0.07866,0.08582,0.09361,0.10228,0.11186,0.12234,0.13418,0.14763,0.16084,0.17191,0.1796,0.18323,0.1821,0.1761,0.16628,0.154,0.13985,0.12481,0.11064,0.09905,0.09003,0.08305,0.07755,0.07359,0.07065,0.06765,0.06407,0.05948,0.05306,0.04494,0.03594,0.02749,0.02013,0.01385,0.00875,0.00495,0.00233,0.00086,0.00036,0.00031,0.00049,0.00103,0.00163,0.00224,0.00265,0.00257,0.00196,0.00099,0.00052,0.00086,0.00168,0.00293,0.00449,0.00589,0.00657,0.00667,0.0061,0.00455,0.00268,0.0017,0.00214,0.00375,0.0065,0.0103,0.0138,0.01606,0.01725,0.01759,0.01696,0.01549,0.01412,N
0.01766,0.02377,0.02978,0.03529,0.04026,0.04522,0.05041,0.05599,0.06188,0.0676,0.07321,0.07895,0.08516,0.09197,0.09909,0.10638,0.11272,0.11673,0.11779,0.11561,0.1104,0.10298,0.09447,0.08583,0.07762,0.07017,0.06361,0.05755,0.05199,0.04713,0.04276,0.03886,0.03572,0.03323,0.03098,0.02822,0.02487,0.02072,0.0157,0.01067,0.00638,0.00336,0.00207,0.00217,0.00301,0.0036,0.00357,0.00309,0.00239,0.00217,0.00314,0.00527,0.00775,0.00969,0.01025,0.00911,0.00697,0.0048,0.00323,0.00256,0.00284,0.00371,0.0042,0.00405,0.00354,0.00293,0.0026,0.00257,0.00278,0.00312,0.00321,0.00297,0.00256,0.00213,0.002,0.00203,0.00223,0.00251,N
0.02275,0.03441,0.04725,0.06091,0.07446,0.08666,0.09663,0.10407,0.11009,0.11631,0.12433,0.13569,0.15049,0.16824,0.18775,0.20709,0.22411,0.23643,0.24156,0.23802,0.22585,0.20723,0.18539,0.16312,0.14273,0.12642,0.11497,0.10749,0.10244,0.099,0.09576,0.09115,0.08445,0.07558,0.06524,0.05421,0.04254,0.03079,0.01998,0.0118,0.00657,0.00318,0.00162,0.00162,0.00193,0.00171,0.00124,0.00109,0.00126,0.00134,0.00133,0.00165,0.00294,0.00523,0.00758,0.00905,0.00957,0.00898,0.00697,0.00455,0.00287,0.00207,0.00162,0.00096,0.00076,0.00162,0.00371,0.00681,0.01016,0.01314,0.01555,0.01664,0.01643,0.01562,0.01463,0.01284,0.00998,0.00675,N
0.03109,0.04301,0.05582,0.06925,0.08248,0.09446,0.10442,0.11208,0.11843,0.12485,0.13273,0.14343,0.15701,0.17306,0.19053,0.20777,0.22291,0.23388,0.23852,0.23556,0.22502,0.2088,0.1897,0.17014,0.15211,0.13752,0.12705,0.11992,0.11482,0.11101,0.1073,0.10229,0.09539,0.0865,0.07625,0.06531,0.05372,0.04198,0.03096,0.02211,0.01573,0.01082,0.00724,0.00511,0.00357,0.00207,0.00089,0.00046,0.00069,0.00101,0.00118,0.00172,0.00316,0.00545,0.00775,0.00914,0.00961,0.00903,0.00709,0.00469,0.00292,0.00193,0.00126,0.00055,0.00043,0.00142,0.00359,0.00669,0.01005,0.01301,0.01533,0.01642,0.01627,0.01553,0.01452,0.01274,0.00987,0.00659,N
0.03198,0.0376,0.0437,0.05004,0.05608,0.06181,0.06754,0.0737,0.08075,0.08901,0.09854,0.10887,0.11929,0.12932,0.13848,0.14632,0.15246,0.15692,0.15973,0.16086,0.16019,0.15758,0.15298,0.14632,0.13789,0.12867,0.11953,0.11105,0.10352,0.09706,0.09146,0.08622,0.08099,0.07564,0.06993,0.06374,0.05714,0.05038,0.04357,0.03676,0.03027,0.02449,0.0196,0.01557,0.01246,0.01028,0.00873,0.00756,0.00685,0.0066,0.00655,0.00644,0.00619,0.00579,0.00522,0.0045,0.00367,0.00273,0.00176,0.00099,0.0006,0.00057,0.00074,0.00087,0.00087,0.00077,0.00063,0.00071,0.00128,0.00225,0.0034,0.00444,0.00523,0.00583,0.00622,0.00647,0.00667,0.00667,N
0.02913,0.03657,0.04533,0.05507,0.06508,0.07485,0.08402,0.09239,0.10014,0.10786,0.11617,0.12553,0.13605,0.14765,0.15977,0.17165,0.18249,0.19126,0.19696,0.1989,0.19671,0.19037,0.18032,0.16758,0.15354,0.1397,0.12741,0.1175,0.11005,0.10465,0.10064,0.09717,0.09351,0.08916,0.08388,0.07762,0.07027,0.06188,0.05273,0.04329,0.0342,0.02609,0.01928,0.01383,0.00956,0.00627,0.00383,0.00207,0.00094,0.00046,0.0005,0.00079,0.00104,0.00118,0.00121,0.0011,0.0009,0.00073,0.00068,0.00073,0.00073,0.00071,0.00066,0.00052,0.00043,0.00062,0.00118,0.002,0.00285,0.00369,0.00441,0.00491,0.00525,0.00557,0.00576,0.00562,0.00511,0.00423,N
0.03477,0.04638,0.05916,0.07204,0.08363,0.09357,0.1024,0.1109,0.12009,0.13073,0.14303,0.15682,0.17145,0.18624,0.20016,0.21221,0.2217,0.22777,0.22992,0.22813,0.22219,0.21212,0.19839,0.18269,0.1671,0.15261,0.13989,0.12958,0.12143,0.1147,0.10859,0.10256,0.0961,0.0886,0.07954,0.06908,0.05787,0.04705,0.0372,0.02834,0.02072,0.01479,0.01018,0.00632,0.00346,0.00186,0.00111,0.00076,0.00071,0.00105,0.00195,0.00308,0.004,0.00458,0.00509,0.00569,0.00586,0.00543,0.00488,0.00414,0.00293,0.00161,0.00079,0.00066,0.00108,0.00207,0.00365,0.00565,0.00786,0.00987,0.01126,0.01205,0.01246,0.01231,0.01138,0.00987,0.00823,0.00635,N
0.02369,0.02871,0.03348,0.03917,0.04668,0.05535,0.06524,0.07551,0.08545,0.09556,0.1066,0.11991,0.13536,0.15131,0.16696,0.18046,0.19048,0.19648,0.19821,0.19595,0.18947,0.17882,0.16522,0.15001,0.13505,0.1218,0.11112,0.10282,0.0954,0.08843,0.08192,0.07544,0.06891,0.06167,0.05335,0.04385,0.03391,0.02491,0.01741,0.0115,0.0073,0.00486,0.00403,0.00421,0.00521,0.00674,0.00785,0.00813,0.00747,0.00637,0.00523,0.00413,0.00325,0.00295,0.00315,0.00326,0.00309,0.00293,0.00269,0.00264,0.00257,0.00241,0.00253,0.00317,0.00452,0.00699,0.01006,0.01294,0.01497,0.01619,0.01631,0.01473,0.01158,0.00776,0.00475,0.00313,0.00248,0.00285,N
0.02714,0.03122,0.03526,0.03904,0.0425,0.04604,0.04977,0.05329,0.05686,0.06104,0.06559,0.07044,0.07556,0.08095,0.08694,0.0935,0.10011,0.106,0.10938,0.10908,0.10462,0.09713,0.08904,0.08184,0.07562,0.0702,0.06458,0.05872,0.05328,0.04942,0.04786,0.04776,0.0474,0.04582,0.04247,0.03789,0.03263,0.02707,0.02191,0.01785,0.01471,0.01214,0.00986,0.00787,0.00599,0.00443,0.00359,0.00372,0.00432,0.00457,0.00416,0.00341,0.00268,0.0024,0.00221,0.00158,0.00095,0.00096,0.002,0.004,0.00621,0.00791,0.00837,0.00724,0.00531,0.00364,0.00295,0.00346,0.005,0.00734,0.00989,0.01222,0.01397,0.01472,0.01447,0.0138,0.01303,0.01223,N
0.03622,0.04166,0.04681,0.05151,0.05548,0.05884,0.06181,0.06444,0.06699,0.07006,0.0742,0.0799,0.08714,0.09587,0.10592,0.11621,0.12539,0.13212,0.13501,0.13371,0.12856,0.12062,0.1114,0.10166,0.09207,0.08353,0.07655,0.07154,0.06837,0.06649,0.06518,0.06354,0.06125,0.05833,0.05468,0.04989,0.04398,0.03755,0.03109,0.0248,0.01871,0.01331,0.00896,0.00529,0.00266,0.00137,0.001,0.0009,0.00068,0.00082,0.00119,0.00122,0.00108,0.00123,0.00177,0.00239,0.0031,0.0039,0.00432,0.00405,0.00329,0.00272,0.00254,0.00256,0.00291,0.00373,0.00511,0.00673,0.00813,0.00942,0.01063,0.01177,0.01258,0.01283,0.01229,0.0105,0.00764,0.0046,N
0.03512,0.04303,0.05137,0.05903,0.06511,0.06956,0.07288,0.0762,0.08105,0.08793,0.0968,0.10753,0.1198,0.13314,0.14689,0.16017,0.17177,0.18012,0.18398,0.18299,0.17749,0.16806,0.15572,0.14195,0.12804,0.11522,0.1042,0.09565,0.08989,0.08609,0.08348,0.08118,0.07812,0.07389,0.06829,0.06188,0.05515,0.04741,0.03868,0.02967,0.02117,0.01378,0.00804,0.0045,0.00289,0.00216,0.00174,0.00168,0.00181,0.00177,0.00178,0.00227,0.00313,0.00376,0.00389,0.00383,0.00369,0.00324,0.00291,0.00297,0.00316,0.00294,0.00239,0.00201,0.00215,0.00276,0.00399,0.00592,0.00845,0.01123,0.01363,0.01518,0.0156,0.01464,0.01245,0.00981,0.00752,0.00565,N
0.03253,0.04365,0.05565,0.06805,0.08073,0.09303,0.10357,0.11144,0.11702,0.12177,0.12727,0.1349,0.14617,0.16126,0.17881,0.19682,0.21329,0.2252,0.22983,0.2261,0.21486,0.19824,0.17902,0.16018,0.14396,0.13095,0.12164,0.11602,0.11286,0.11019,0.10679,0.102,0.09519,0.08624,0.07585,0.06502,0.05407,0.04293,0.03263,0.02399,0.01711,0.01188,0.00822,0.00584,0.00419,0.0027,0.00146,0.00098,0.00101,0.00098,0.00123,0.00219,0.00411,0.00664,0.00911,0.01096,0.01138,0.01014,0.00794,0.00546,0.00341,0.00204,0.00129,0.00074,0.00033,0.00077,0.00231,0.00475,0.00793,0.01141,0.01438,0.01601,0.01626,0.01557,0.01398,0.0114,0.00829,0.00544,N
0.03952,0.04586,0.05106,0.05565,0.06007,0.06468,0.06907,0.07265,0.07564,0.07847,0.0822,0.08792,0.09645,0.10786,0.121,0.13429,0.14599,0.15429,0.15806,0.15659,0.15026,0.1403,0.12828,0.11592,0.10427,0.09437,0.08681,0.08152,0.0782,0.07599,0.07436,0.07296,0.07102,0.06829,0.06416,0.05846,0.05146,0.04338,0.03551,0.02852,0.02226,0.01649,0.01126,0.00721,0.00428,0.0025,0.00215,0.00275,0.00368,0.00429,0.0043,0.00391,0.00334,0.00319,0.00354,0.00478,0.00661,0.00796,0.00815,0.00739,0.00624,0.00499,0.00406,0.00428,0.00541,0.00689,0.00846,0.01021,0.012,0.01339,0.01459,0.01593,0.01749,0.0186,0.01828,0.01628,0.01302,0.00914,N
0.03802,0.04479,0.05033,0.05521,0.05993,0.06486,0.06956,0.07339,0.0766,0.07964,0.08367,0.08987,0.09914,0.11154,0.12583,0.14031,0.15306,0.16212,0.16628,0.16475,0.15795,0.14722,0.13425,0.12093,0.1084,0.09777,0.08969,0.0841,0.08065,0.07842,0.07684,0.07551,0.0736,0.07086,0.0666,0.06064,0.05328,0.04476,0.03647,0.02916,0.02264,0.01667,0.01133,0.00727,0.00435,0.00263,0.00235,0.00303,0.00402,0.00463,0.00465,0.00426,0.00367,0.0035,0.00386,0.00513,0.00702,0.00837,0.00847,0.00756,0.00624,0.00482,0.00376,0.00395,0.00515,0.00674,0.00843,0.01034,0.01229,0.01382,0.01516,0.01665,0.0184,0.01968,0.0194,0.01732,0.01388,0.00978,N
